publish_date,headline_category,headline_text
2024-01-15,politics,Government Officials Deliberate Legislative Amendments Pertaining to Fiscal Expenditure Allocations
2024-01-16,technology,Artificial Intelligence Algorithms Demonstrate Unprecedented Capability in Medical Diagnostic Procedures
2024-01-17,health,Epidemiological Researchers Corroborate Correlation Between Sedentary Lifestyle and Cardiovascular Deterioration
2024-01-18,sports,International Athletic Federation Promulgates Revised Regulatory Framework for Competitive Doping Surveillance
2024-01-19,business,Multinational Corporations Contemplate Strategic Realignment Amid Macroeconomic Turbulence and Inflationary Pressures
2024-01-20,environment,Environmental Scientists Substantiate Accelerated Glacial Recession Attributable to Anthropogenic Climate Modification
2024-01-21,politics,Parliamentary Representatives Engage in Contentious Deliberation Regarding Immigration Policy Reformation
2024-01-22,technology,Cybersecurity Professionals Identify Sophisticated Vulnerability in Widely Deployed Encryption Infrastructure
2024-01-23,health,Pharmaceutical Enterprises Expedite Clinical Validation Protocols for Innovative Oncological Therapeutic Agents
2024-01-24,sports,Championship Contenders Demonstrate Exceptional Athletic Proficiency in Continental Qualification Tournaments
2024-01-25,business,Financial Institutions Reassess Investment Portfolio Diversification Strategies Following Market Volatility
2024-01-26,environment,Governmental Authorities Implement Comprehensive Regulatory Restrictions on Single-Use Plastic Manufacturing
2024-01-27,politics,International Diplomatic Delegations Convene to Negotiate Multilateral Geopolitical Conflict Resolution
2024-01-28,technology,Revolutionary Quantum Computing Architecture Achieves Computational Superiority Over Classical Systems
2024-01-29,health,Neurological Researchers Elucidate Molecular Mechanisms Underlying Neurodegenerative Pathological Progression
2024-01-30,sports,Professional Athletic Organizations Negotiate Substantial Contractual Agreements with Broadcasting Corporations
2024-01-31,business,Entrepreneurial Ventures Secure Substantial Venture Capital Funding for Technological Innovation Development
2024-02-01,environment,Conservation Organizations Advocate Immediate Implementation of Biodiversity Protection Legislative Measures
2024-02-02,politics,Electoral Commission Announces Comprehensive Procedural Modifications to Upcoming Democratic Participation Process
2024-02-03,technology,Autonomous Vehicular Systems Undergo Extensive Safety Validation in Simulated Metropolitan Environments
2024-02-04,health,Nutritional Epidemiologists Identify Dietary Consumption Patterns Associated with Longevity Enhancement
2024-02-05,sports,Collegiate Athletic Programs Confront Institutional Challenges Regarding Student Athlete Compensation Frameworks
2024-02-06,business,Regulatory Authorities Scrutinize Proposed Consolidation of Competing Telecommunications Enterprises
2024-02-07,environment,Meteorological Agencies Document Unprecedented Precipitation Anomalies Across Multiple Geographic Regions
2024-02-08,politics,Judicial Authorities Deliberate Constitutional Implications of Surveillance Technology Implementation
2024-02-09,technology,Machine Learning Systems Exhibit Remarkable Proficiency in Natural Language Comprehension and Generation
2024-02-10,health,Public Health Officials Coordinate Immunization Campaign to Mitigate Infectious Disease Propagation
2024-02-11,sports,Paralympic Athletes Demonstrate Extraordinary Resilience and Performance in International Competition
2024-02-12,business,Central Banking Institutions Contemplate Monetary Policy Adjustments to Address Economic Stabilization
2024-02-13,environment,Renewable Energy Infrastructure Investment Experiences Substantial Growth Amid Fossil Fuel Transition
2024-02-14,politics,Legislative Body Ratifies Comprehensive Criminal Justice System Transformation Legislation
2024-02-15,technology,Social Media Platforms Implement Algorithmic Modifications to Enhance Content Authenticity Verification
2024-02-16,health,Genetic Researchers Discover Novel Biomarkers Indicative of Predisposition to Metabolic Disorders
2024-02-17,sports,Olympic Organizing Committee Finalizes Logistical Preparations for Upcoming International Athletic Competition
2024-02-18,business,Consumer Confidence Indicators Signal Potential Economic Deceleration in Developed Market Economies
2024-02-19,environment,Marine Biologists Document Catastrophic Decline in Coral Reef Ecosystem Biodiversity
2024-02-20,politics,Administrative Officials Propose Substantial Restructuring of Social Security Benefit Distribution Systems
2024-02-21,technology,Semiconductor Manufacturing Facilities Expand Production Capacity to Alleviate Component Shortage Crisis
2024-02-22,health,Mental Health Professionals Advocate Expanded Insurance Coverage for Psychological Treatment Services
2024-02-23,sports,Sports Governance Organizations Investigate Allegations of Systematic Performance Enhancement Violations
2024-02-24,business,International Trade Negotiations Stall as Participating Nations Dispute Tariff Framework Conditions
2024-02-25,environment,Urban Planners Incorporate Green Infrastructure Solutions in Metropolitan Development Initiatives
2024-02-26,politics,National Security Agencies Enhance Counterterrorism Operational Capabilities Following Intelligence Assessments
2024-02-27,technology,Cloud Computing Service Providers Experience Significant Infrastructure Disruption Affecting Global Operations
2024-02-28,health,Pediatric Specialists Emphasize Critical Importance of Early Developmental Screening and Intervention Programs
2024-02-29,sports,International Football Governing Body Announces Substantial Expansion of World Cup Participation Format
2024-03-01,business,Mergers and Acquisitions Activity Intensifies as Organizations Pursue Strategic Consolidation Opportunities
